n,process_a,process_b,process_c,process_d
10,0.016797799995401874,15.180822700000135,19.76906260001124,0.008909899974241853
100,0.1147208999900613,14.381363099993905,17.600387899990892,0.1126012000022456
1000,0.9765760999871418,14.70582679999643,18.335279799997807,0.8564729999925476
10000,8.681392200000118,17.90676819998771,30.51840150001226,8.097249100013869
100000,88.80405520001659,49.661630899994634,82.25700259997393,84.46581560000777
1000000,901.9887616999913,365.4666646000114,600.6653633000096,831.0022895000002
